task_id,status,folder_path,file_count,reasoning_files_count
Enter__hello__in_the_text_field_and_click_the_submit_button_4,unsuccessful,data/db/browseruse/text_input_demos/Enter__hello__in_the_text_field_and_click_the_submit_button_4,12,5
Enter__hello__in_the_text_field_and_click_the_submit_button_3,unsuccessful,data/db/browseruse/text_input_demos/Enter__hello__in_the_text_field_and_click_the_submit_button_3,13,6
Enter__hello__in_the_text_field_and_click_the_submit_button_2,unsuccessful,data/db/browseruse/text_input_demos/Enter__hello__in_the_text_field_and_click_the_submit_button_2,12,5
Enter__hello__in_the_text_field_and_click_the_submit_button_5,unsuccessful,data/db/browseruse/text_input_demos/Enter__hello__in_the_text_field_and_click_the_submit_button_5,17,10
Type__Can__in_the_search_field__select__Canada__from_the_dropdown_suggestion_list_and_click_the_subm_1,unsuccessful,data/db/browseruse/text_input_demos/Type__Can__in_the_search_field__select__Canada__from_the_dropdown_suggestion_list_and_click_the_subm_1,29,18
Search_for__hello__in_the_search_bar_and_press_Enter_1,unsuccessful,data/db/browseruse/text_input_demos/Search_for__hello__in_the_search_bar_and_press_Enter_1,13,6
Type__Java__in_the_search_field_and_select__JavaScript_Fundamentals__from_the_dropdown_suggestion_li_1,unsuccessful,data/db/browseruse/text_input_demos/Type__Java__in_the_search_field_and_select__JavaScript_Fundamentals__from_the_dropdown_suggestion_li_1,20,12
Enter__hello__in_the_text_field_and_click_the_submit_button_7,unsuccessful,data/db/browseruse/text_input_demos/Enter__hello__in_the_text_field_and_click_the_submit_button_7,12,5
Enter__hello__in_the_text_field_and_click_the_submit_button_6,unsuccessful,data/db/browseruse/text_input_demos/Enter__hello__in_the_text_field_and_click_the_submit_button_6,13,5
Enter__hello__in_the_text_field_and_click_the_submit_button_1,unsuccessful,data/db/browseruse/text_input_demos/Enter__hello__in_the_text_field_and_click_the_submit_button_1,12,4
Search_for__hello__in_the_search_bar_and_press_Enter_2,unsuccessful,data/db/browseruse/text_input_demos/Search_for__hello__in_the_search_bar_and_press_Enter_2,28,19
